{
  "trained_at": "2026-03-15T19:33:58.316044",
  "n_train": 3308,
  "features": [
    "sqft",
    "lot_sqft_log",
    "beds",
    "baths",
    "age",
    "hoa",
    "mortgage_rate",
    "zip_95661",
    "zip_95677",
    "zip_95678",
    "zip_95746",
    "zip_95765"
  ],
  "overall_metrics": {
    "r2": 0.8296,
    "rmse": 190564.44,
    "mae": 126741.39,
    "mape": 12.45
  },
  "coefficients": {
    "const": {
      "coef": -1032730.8808,
      "ci_lower": -1207612.1853,
      "ci_upper": -857849.5762,
      "pvalue": 0.0
    },
    "sqft": {
      "coef": 259.1609,
      "ci_lower": 243.7223,
      "ci_upper": 274.5995,
      "pvalue": 0.0
    },
    "lot_sqft_log": {
      "coef": 170732.228,
      "ci_lower": 158304.5432,
      "ci_upper": 183159.9127,
      "pvalue": 0.0
    },
    "beds": {
      "coef": -61614.7814,
      "ci_lower": -73734.0348,
      "ci_upper": -49495.528,
      "pvalue": 0.0
    },
    "baths": {
      "coef": 71666.2408,
      "ci_lower": 54937.8235,
      "ci_upper": 88394.6581,
      "pvalue": 0.0
    },
    "age": {
      "coef": -1925.131,
      "ci_lower": -2379.0959,
      "ci_upper": -1471.1662,
      "pvalue": 0.0
    },
    "hoa": {
      "coef": 542.5452,
      "ci_lower": 456.1844,
      "ci_upper": 628.906,
      "pvalue": 0.0
    },
    "mortgage_rate": {
      "coef": -18911.871,
      "ci_lower": -38169.0607,
      "ci_upper": 345.3188,
      "pvalue": 0.05425
    },
    "zip_95661": {
      "coef": -98619.9093,
      "ci_lower": -131691.2981,
      "ci_upper": -65548.5204,
      "pvalue": 0.0
    },
    "zip_95677": {
      "coef": -109909.0268,
      "ci_lower": -142393.1698,
      "ci_upper": -77424.8837,
      "pvalue": 0.0
    },
    "zip_95678": {
      "coef": -86557.5253,
      "ci_lower": -120499.1233,
      "ci_upper": -52615.9273,
      "pvalue": 1e-06
    },
    "zip_95746": {
      "coef": -23.7113,
      "ci_lower": -30960.9835,
      "ci_upper": 30913.561,
      "pvalue": 0.998801
    },
    "zip_95765": {
      "coef": -177276.4061,
      "ci_lower": -209965.0504,
      "ci_upper": -144587.7618,
      "pvalue": 0.0
    }
  },
  "zip_metrics": [
    {
      "zip": "95650",
      "n_test": 69,
      "mape": 13.93,
      "rmse": 302157.57,
      "confidence_tier": "low"
    },
    {
      "zip": "95661",
      "n_test": 138,
      "mape": 10.37,
      "rmse": 126113.04,
      "confidence_tier": "low"
    },
    {
      "zip": "95677",
      "n_test": 144,
      "mape": 11.79,
      "rmse": 169460.35,
      "confidence_tier": "low"
    },
    {
      "zip": "95678",
      "n_test": 144,
      "mape": 16.47,
      "rmse": 135618.87,
      "confidence_tier": "low"
    },
    {
      "zip": "95746",
      "n_test": 127,
      "mape": 11.26,
      "rmse": 291491.46,
      "confidence_tier": "low"
    },
    {
      "zip": "95765",
      "n_test": 201,
      "mape": 12.45,
      "rmse": 137823.16,
      "confidence_tier": "low"
    }
  ]
}